Après le palais du facteur nous voici à la halte qui est un restaurant correct.,neutral
Le patron nous accueille très chaleureusement et c'est sa femme qui cuisine.,positive
Tout n'est pas fait maison mais c'est bon.,positive
Le prix est un peu élevé pour un repas qui n'a pas nécessité toute une implication du début à la fin.,negative
"Des pizzas locales que vous ne mangerez pas ailleurs, accommodant les spécialités du coin.",positive
Même le restaurateur d'a cote en mange une a l'occasion.,
Très bon accueil,positive
Le cadre et le personnel sont agréables.,positive
"Par contre l'attente est interminable pour une salade dont la sauce est industrielle, et des ravioles dans un bain de crème pas cuite.",negative
Berk.,negative
"Au centre de ce tout petit village, on ne s'attendait pas à manger aussi bien sur une terrasse agréable.",positive
Service plaisant.,positive
"Salade fanée, vin moyen, gratin de raviolis mangeable.",negative
Bonnes glaces.,positive
Terrasse négligée.,negative
"C'est dommage, l'emplacement est idéal et le service plutôt sympa mais ça ne fait pas tout!",positive
"Si vous êtes en vacances, si vous avez –beaucoup- de temps à perdre tout en regardant les serveuses et serveurs (au demeurant charmants) virevolter comme des mouches ne sachant quoi faire ni pour qui faire (1 heure pour 3 côtelettes froides, et, le lendemain, ¾ d’heures pour 3 glaces jamais arrivées… !), longue attente accompagnée par une musique horripilante (boum tchic, boum tchic, sans cesse).",negative
"On est rassuré « la patronne, interpellée, va faire des enquêtes » (sic), bref c’est PARFAIT.",negative
"En revanche si vous voulez manger dans des temps raisonnables même avec un choix de plats quelconque, alors A FUIR.",negative
Je leur conseille rapidement un audit d’organisation.,negative
Dommage le cadre est sympa.,positive
"Un début de soirée qui commence dans un bon resto, comme les 1er fois une Virgin Colada à 6.50e pour se mettre en appétit et un accueil toujours très chaleureux du patron et de sa femme.",positive
Le pavé de Saumon est extra mais pour changer je teste la poêlée de noix de st Jacques à 22euros avec en gratin du jour (pomme de terre et patate douce ) le mariage sympathique et frites .,positive
"Que du bonheur dans l'assiette, la cuisson de mes noix sont parfaites, légèrement nacrées à l'intérieur, moelleuses à souhait... la,sauce crème légère.",positive
Je pars très satisfaite de mon plat très bon.,positive
Une adresse à mettre dans mon top five.,positive
"Note finale de 31e pour un cocktail, un plat et un café.",
Un bon rapport qualité/prix.,positive
Bonne cuisine créole.,positive
Nous avons mangé avec nos enfants qui ont également apprécié.,positive
"Le service est rapide et assez froid, mais les assiettes sont bien garnies.",neutral
"Le restaurant se trouvant au-dessus du marché, l'ambiance est garantie.",positive
L'apéro est étonnant : on vous sert une bouteille de 1 litre de rhum et une bouteille de sucre canne liquide.,neutral
De quoi égayer la journée...,positive
"Venu sans conviction, nous avons choisi de tester la nouvelle cuisine du bar'oc.",
Nous avons vécu une expérience culinaire hors du commun.,positive
Un service impeccable et des cocktails ahurissant.,positive
Mais le summum fut l'arrivée des entrées.,positive
Le foi gras est le meilleur de l'île.,positive
Le carpaccio de st jacques sauvages est divin.,positive
Puis est arrivée la pluma de pata negra avec son incroyable purée a l'huile de truffe.,positive
Merci rodolphe pour ce repas incroyable.,positive
A vivre absolument.,positive
"La carte est -au premier abord- plutôt attrayante, mais c'est sans compter sur l'indisponibilité de nombreux aliments (lambi, marlin et thon ce soir là), et les prix hallucinants d'autres (notamment les ""plateaux"" de fruits de mer, qui ne sont en fait que de petites assiettes).",positive
"Mon choix s'est donc porté sur des pâtes aux fruits de mer (2 moules surcuites, 3 saint jacques décongelées, et beaucoup trop d'ail).",negative
"Salle très bruyante (on n'arrivait plus à s'entendre), mais service efficace.",positive
"Le cadre est somptueux, le repas est très correct..",positive
De bonnes lasagnes et un café gourmand agréable..,positive
Mais si le service très décontracté est sympathique..,positive
Il manque de professionnalisme..,negative
Résultat des cocktails pris pour l'apéro servi avec les plats..,negative
Je n'ai pris aucun plaisir a prendre mon mojito avec mes lasagnes.. que j'ai pourtant attendu près de 30mn..,negative
Bref dommage..,negative
"On a pas mangé, on a bu de l'eau et de l'huile.",negative
Escalope milanaise panée sur un côté seulement et plein d'huile.,negative
Entrecôte avec plus de nerfs que de viande et j'en passe.,negative
un resto qui ravira les papilles avec des produits très bien cuisinés.,positive
"mais une catastrophe côté service : on a été oublié dans un coin, par contre, les tables de droite et de gauche ont eu droit à tous les égards (faut être américains ou famille nombreuse pour être intéressant faut croire!)",negative
"on n'a pas eu de seau à glace pour le vin blanc, pas de pain durant le repas, on a dû se lever pour interpeler les serveuses qui ne nous jetaient même pas un regard, on a énormément attendu entre les plats qu'on veuille bien daigner nous débarasser les assiettes vides... bref!",negative
une soirée gustative gâchée par ces à-côtés très déplaisants,positive
Juste un appel pour réserver et savoir s'ils sont ouvert par rapport au avis de tripadvisor.,
"La personne au téléphone est froide et on a l'impression de dérangé et pour un restaurant qui ferme vers 2h du matin, on nous informe qu'il reste juste une entrecôte ( je vous la met de côté si vous venez) et après il me reste que des omelettes cèpes, fromage, jambon.",negative
Personnellement aller manger au resto une omelette autant manger chez soi.,negative
"L'endroit est très beau, l'assiette est divine, les vins bouleversants, ajoutez à cela l'enthousiasme contagieux du patron : que demander de plus ?",positive
"On est si bien à l'Art dit Vin, on y passe de bons moments :)",positive
"accueil sympa par 2 sénior""e""s qui mettent à l'aise",positive
Le rapport qualité prix est au top avec une cuisine locale et une climatisation manuelle qui nécessite une explication,positive
Il s'agit de 2*2 panneaux de bois fixes au plafond avec à leur base une bande de tissu flottant manipules par un esclave cache et qui procure un réel courant d'air frais,positive
"Pour éviter une trop grosse demande incompatible avec leur taille de four , le souffle au grand margnier ne figure pas a la carte aussi prévoir de le commander en début de repas",neutral
"Une originalité :les légumes sont comptés à part , sans doute pour ne pas renchérir le prix des plats",neutral
Un restaurant a l'ancienne qui a bien du charme,positive
Généralement je ne mets des avis que lorsque je suis très satisfaite.,
"Le cas échéant je me dis que je suis tombée le mauvais jour ou sur le mauvais plat, mais là je ne peux pas me retenir!",
Nous avons été attirés par les prix plutôt corrects.,positive
Mais quelle erreur!,negative
Nous avons pris chacun un menu à 25euros.,
Les fruits de mer en entrée étaient dégoûtants (sont-ils frais?).,negative
"Les chipirons à l'encre étaient sucrés et insipides (sûrement congelés), l'assiette du pêcheur un peu mieux, mais on sent que rien n'est frais, ni préparé sur place et qu'ils utilisent des produits de mauvaise qualité.",negative
Les desserts étaient mangeables.,neutral
Le service ne venait pas vraiment relever le niveau.,negative
Je n'avais qu'une hâte : partir!,negative
Petite touche d'humour : sur la façade il est écrit que les produits sont préparés selon l'humeur du chef.,
Il doit pas aller très bien!,negative
"Il est aussi écrit : ""notre priorité : vous satisfaire"".",
Quelle blague!,negative
Ils n'ont pas honte!!!,negative
"Nous avons pris l'assiette decouverte à 20 euros et nous n'avons pas été deçus Anchois, axoa, pommes de terre fromage salade ect.. copieux et surtout bon Produits frais, bien cuisinés La sangria était parfaite..",positive
restaurant dans une charmante petite rue piétonne de Saint Jean de Luz.,positive
"surprise avant même de passer la commande : une araignée était logée dans le menu !!! Aussitôt l'apéritif servi, la serveuse nous a apporté les soupes de poissons !",negative
erreur vite rectifiée par le patron.,positive
"J'ai commandé un magret bleu avec des frites, celui ci est arrivé servi avec du gratin de pommes de terre.",negative
"il est reparti en cuisine pour être servi avec des frites et à son retour devant moi, il était froid !!! franchement pas le restaurant où je retournerai !",negative
En plus la serveuse n'est même pas agréable et souriante,negative
Nous avons tout aimé.,positive
"Le cadre, dîner au bord de la piscine.",positive
La cuisine qui mériterait largement une étoile au Michelin.,positive
Des associations de saveur et des cuissons impeccables.,positive
Ce restaurant sur le port à attirer notre attention par la sobriété de sa carte.,positive
"Notre choix s'est arrêté sur le menu du jour à 17,50 € (entrée +plat)",
En raison de la chaleur on nous a aimablement conseillé une table dans la salle climatisée.,positive
L'apéro à été un peu accéléré par un serveur visiblement pressé de finir son service et qui est venu nous proposer de goûter le vin alors que nous commentions seulement à goûter les toast de tapenade.,negative
( repris rapidement par le chef de salle),neutral
La suite est plus heureuse avec,
En entrée un assortiment de charcuterie corse et des beignets de fromages excellentes.,positive
Puis une dorade du jour avec petits légumes : joliment présenté et très savoureux.,positive
Au final une bonne table à découvrir!,positive
Le titre résume tout,
service mauvais,negative
prix abusif pour la prestation,negative
Vieux mouton en guise d'agneau,negative
assiette corse pire que sandwich SNCF,negative
assiette de fromage au singulier .....,negative
J'y suis allé plusieurs fois l'an passé c'était très correcte mais à priori quelque chose a changé en cuisine par rapport à l'an dernier car c'est devenu un vrai cauchemar.,negative
"Pizza avec la pate caoutchouc et pas cuite, entrecôte hyper grasse j'ai dû en manger 1/4.",negative
passez votre chemin !,negative
Moi ils ne me verront plus...,negative
"Très bel endroit pour une pause déjeuner, à l'abri du soleil, avec un petit air rafraîchissant et vue sur le port.",positive
"Cuisine simple mais bonne, Marco vous accueille très bien, vous donne des bonnes adresses si vous demandez.",positive
C'est un endroit très agréable.,positive
"On y a manger le soir, sa terrasse est sur une place très jolie avec son églises.",positive
"Le repas était très bon l'entrée, le plat et le dessert.",positive
"Juste un blême le serveur ou le directeur (j'ai pas compris ) avec son cigare il se reconnaîtra (tant pis), et il parle trop !!!!",negative
Honnêtement le cadre du restaurant est plutôt sympathique.,positive
"Le service et l'accueil est ""jeune"" et professionnel.",positive
La carte vous propose un large choix type brasserie.,positive
Mais grosse déception...,negative
"Le Burger aux fromages est bien présenté, mais la tranche de fromage est égale au Macdonald... Aucune saveur et intérêt...",positive
"La sauce roquefort trop crémeuse, pas de goût...",negative
La mousse au chocolat est en réalité une ganache pleine d'eau...,negative
C'est pas bon signe...,
Vraiment dommage vu le quartier et le cadre.,positive
C'est une adresse où nous dînons régulièrement.,
"Ici, tout est pro.",positive
De l'accueil à l'assiette en passant par le rythme du service.,positive
Le décor est magnifique et c'est mieux de réserver une table au second étage où se situe la verrière ouverte en été.,positive
La cuisine est à la hauteur de la réputation de ce restaurant.,positive
Les entrées sont à 7 euros et copieuses.,positive
Les plats sont bons mais ne vous attendez pas à de grandes surprises.,positive
"Ils maîtrisent les plats typiques ""bistrot"".",neutral
Les viandes sont excellentes notamment la bavette échalotes.,positive
Leur petit pot au chocolat en dessert est une tuerie.,positive
Petit bémol.,
Mon compagnon est végétarien et ils n'ont actuellement que des gnocchis à la crème de crustacés à proposer en plat.,negative
Il serait judicieux de mentionner une autre sauce à base de légumes pour les accompagner.,
Mais nous resterons des clients réguliers de cette adresse incontournable des amoureux des brasseries typiquement parisienne.,positive
"Le lieu est très sympathique, bien décoré.",positive
"Les plats n'ont aucun goût, pas d'assaisonnement c'est tout à fait grossier pour une note bien salée.",negative
Pour bien connaitre la cuisine marocaine ce restaurant a tout d'un attrape touriste qui fait honte à la cuisine locale.,negative
"De plus nous avons pris des bouteilles que nous n'avons pas terminés à table, nous n'avions même pas eu le droit de les amener dans la salle dansante du restaurant pour les terminer.",negative
Cette salle dansante est agréable malgré son étroitesse nous nous sommes amusés mais il y avait peu de monde alors je ne sais pas si le plaisir est toujours là les soirs d'affluence.,neutral
Le service est correct poli mais sans entrain.,neutral
Je n'ai pas bien mangé et je vous conseille de passer votre chemin.,negative
Quelle déception !,negative
"Attente démesurée, le vin demandé n'est plus en cave, mais on ne nous en propose pas d'autre !",negative
"Par contre, sur la note, un vin très cher est compté !!",negative
"3 plats arrivent enfin, puis une viande demandée bleue apportée bien cuite.",negative
"Longtemps après, les premiers ayant deja fini, la deuxième viande bleue, froide.",negative
"Personnel peu aimable, peu disponible, un repas d'anniversaire qui a tourné aigre.",negative
"En famille, après une longue balade, la météo sympathique a fait que la terasse nous a attiré.",positive
Le service et la cuisine sont correctes.,neutral
Nous avons pris des plats du jours.,
"C'était bon, sans être exceptionnel.",neutral
Les enfants ont adoré le mi-cuit au chocolat maison.,positive
Prévoir un temps d'attente pour les toilettes en sous-sol aux heures de pointes ;o),negative
"Si vous passez par là, vous pouvez vous arreter pour le cadre, les oiseaux et canards environnants, mais sans attendre quelque chose d'exceptionnel de la cuisine.",positive
On y a déjeuné en prenant deux fomules à 16 euros.,
"Entrée plat dessert en plein Montmartre avec une qualité correcte, je trouve ça pas mal.",neutral
"Nous avons pris une carafe, je ne peux donc pas donner de jugement sur les boissons.",
"Ravioles et tartiflette correctes, crêpe suzette passable.",neutral
Effectivement les serveurs sont chez eux et ne font pas cas des clients quand ils discutent.,negative
Après ça mais une certaine ambiance dans la salle.,neutral
Repas ordinaire mais qui permet de manger à moindre coût et au chaud.,neutral
Compter 12€ le menu pour adulte et 10€ pour un enfant.,neutral
Par contre éviter les tables devant la porte si vous ne voulez pas attraper la mort.,negative
Le personnel n'est pas très sympa.,negative
"On est un peu à l'étroit mais c'et le principe de ce genre de petite brasserie, déco à revoir car vieillissante mais familiale et conviviale.",positive
"Dîner décevant de tout point de vue : ambiance assez triste (seulement 4 tables occupées ce dimanche soir), service un peu froid (une seule personne en salle, souvent absente, il fallait attendre son retour à chaque fois que nous voulions demander quelque chose), plats décevants : le riz arborio aux truffes apparaissant dans le menu à la carte disponible sur le site web du restaurant était devenu un simple risotto aux champignons (très moyen au demeurant), pour le même prix (18 euros en entrée), et le ris de veau était trop cuit, sec, mal accompagné.",negative
Vins au verre décevants.,negative
Le soufflé que j'avais repéré sur la carte du site web n’était plus proposé.,negative
Addition : 160 euros à 2 avec 2 verres chacun et en partageant le dessert.,negative
Ça ne les vaut pas.,negative
Je ne recommande pas.,negative
"Une adresse à conseiller si vous aimez la cuisine traditionnelle, avec juste ce qu'il faut de goût.",positive
"Les escargots sont délicieux, l'os à moelle savoureux, et le bourguignon de nos voisins embaumait...",positive
"Petite salle mais beaucoup moins bruyante que l'on pourrait le croire, les vieilles pierres absorbent le bruit.",positive
"Service souriant, ni trop lent ni trop rapide.",positive
"Début de soirée 20 heures, pour sortir à 22 heures 30.",
Une vraie bonne soirée.,positive
"Bon, un peu cher mais ce n'est pas un restaurant du quotidien.",neutral
Menus imposés.,negative
Apéritifs médiocres.,negative
Assiettes de tapas ridicules.,negative
"Plat arrivé froid, viande mal cuite, pomme de terre froides, courgettes crues, salade chaude, plat trop salé dans son ensemble, bon point pour la sauce au vin.",negative
Vin âcre.,negative
Tarte aux pommes au calva sans calva digne d'une cantine d'école.,negative
"Arnaque du siècle, les assiettes sont peu fournies, les plats médiocres et le rapport qualité/ prix est totalement ahurissant.",negative
Des frites surgelées ...,negative
Des boissons hors de prix .. mais c'est la même chose sur toute la place ... des sièges peu confortables mais une couverture proposée ... une naturelle bonne humeur ...,negative
une nourriture correcte ...,neutral
Choisissez une table qui vous permet de voir travailler les peintres de Montmartre,positive
Allez-y entre amis ou en famille ...,positive
Vous regretterez moins l'addition !,negative
"Ce petit restaurant discret vaut le détour, d'abord - et il faut le souligner - pour le chaleureux accueil que le patron réserve à ses clients (merci pour le kir ;), mais aussi pour la qualité des plats servis.",positive
"Les entrées sont simples mais très bonnes, et le menu offre deux séries de plats qui permettent de s'adapter à tous les budgets.",positive
"Pour notre part, nous avons choisi le tartare de boeuf.",
L'assaisonnement était réalisé directement en cuisine et particulièrement délicieux.,positive
"La gamme de dessert est humble, mais chacun d'eux est relevé par une petite touche créative du patron, qui en relève la saveur.",positive
"Sans hésiter un endroit où il fait bon manger avec un ami ou un membre de sa famille, et qui contraste fortement avec les brasseries ""industrielles"" que l'on trouve parfois à Paris.",positive
N'hésitez pas !,positive
Une merveille !,positive
"Une cuisine fine, créative et absolument délicieuse, un cadre chaleureux et un service très agréable.",positive
"En entrée, nous avons pris le haddock façon flammekueche (délicieux) et une sorte de canard confis en gelée avec noix et poires (très bon).",positive
"En plat, j'ai complètement craqué sur le cabillaud risotto émulsion de chorizo (très surprenant).",positive
Enfin la masterpiece : le riz au lait vanille sauce caramel beurre salé (divin).,positive
La tarte sablée aux agrumes était également parfaite pour rafraîchir un diner particulièrement copieux.,positive
Les serveurs étaient également adorables.,positive
"Un formidable moment, nous y retournerons c'est sûr, et recommandons chaudement ce restaurant !",positive
j'ai deja manger dans plus de 50 brasseries a paris et c'est la 1 ere fois que je me sens oblige de laisse un avis...,
"le service etait proche du zero absolue et le serveur pas tres aimable mais... si la bouffe etait correcte, je ne serai pas venu ici mettre un avis..",negative
j'ai pris bavette avec des frites!,
"oh mon dieu, frites pas bien cuite, froide et qui sortent a peine du congelateur...la bavette aie aie aie, elle a baigne dans l'huile et aucun gout...",negative
"je pense me rattraper sur le dessert avec la mousse au chocolat lol, et je goute une mousse execrable vraiment!",negative
"aucun gout, pire que celle de metro... meme les mousse au chocolat discount sont meilleurs....",negative
je me suis vraiment demande si mes mecs etaient conscient de la m... qu'ils servaient….,negative
"pas de chance, jetais malade l'apres midi, le repas y est ss doute pour quelque chose!!",negative
"a fuir si vous prenez la bavette, des frites et une mousse!!!",negative
je ne prendrez pas le risque de tester les autres plats...,negative
Le meilleur cadre de la rue avec ses poutres et ses charpentes authentiques des tables spacieuses des prix et un rapport qualité prix rare avec des produits frais et fais maison.,positive
"Différentes formules à 12,5€ , 15,80€ et 18,90€ qui regroupent entrée + plat + dessert !!! Autant dire que c'est très rare à St.",positive
Germain des Près.,
Les serveurs sont très souriants et patients.,positive
Un véritable coup de cœur .,positive
"Je suis allé à plusieurs reprises lors de mes escapades parisiennes, dîner dans cet établissement bien situé.",positive
"L'accueil est très sympathique ; le personnel est dynamique, serviable.",positive
Cela fait plaisir de ressentir ça car cela devient de plus en plus rare.,
Manger le soir en terrasse est un pur régal.,positive
Le contenu des assiettes est tout aussi réussi : copieux et très bon de l'entrée aux desserts.,positive
Je continuerai aller passer de bons moments dans cet établissement lors de mes prochains voyages dans un cadre charmant,positive
"Nous avons été au départ attirés par une terrasse ensoleillée , au calme et par sa carte aux prix raisonnables.",positive
Depuis nous y avons déjeuner et dîner à plusieurs reprises.,
"Les plats sont bons voire très bons , extrêmement variés avec un menu du jour poisson et viande modifié quotidiennement (Soupe de pois capuchino à ne pas manquer) Il s'agit d'une cuisine familiale faite maison la plupart du temps .",positive
"L'équipe est sympa ,serviable .",positive
On est servi sans attente et avec bonne humeur.,positive
Je recommande,positive
Un restaurant d'une médiocrité sans nom !,negative
Nous avons attendu 15 mn pour qu'on nous prépare la table et 40mn après avoir commandé pour être servies un boeuf bourguignon dont la qualité et le goût laissent à désirer !,negative
Des pommes de terres quasiment crues avec des carottes crues et une sauce sans goût et non assaisonnée !,negative
Je crois que l'on ne s'est jamais autant moqué de notre tête !,negative
Aucune communication de la part du personnel qui a servi d'autres clients arrivés après avant nous (entrée et plat) compris !,negative
Un scandale !,negative
J'ai vraiment failli partir au bout d'une 40mn d'attente lorsque j'ai vu l'assiette arriver car j'ai clairement trouvé le comportement de la patronne exécrable et dédaigneux.,negative
Un conseil : n'y mettez pas les pieds attrape touriste et une perte de temps et d'argent !,negative
La vue de l'extérieur sur la grande étagère de bouteilles de vins nous a attirée.,positive
Nous sommes donc rentrés dans ce resto bar à vins à la déco hyper originale!,positive
"Les serveurs sont adorables, le vin et les conseils pour le choisir sont au top!",positive
Idéal donc pour passer un apero avec une assiette de jambon à grignoter.,positive
Nous avons moins été séduits par les plats que nous avons trouvé un peu chers vs la qualite proposée bien que les produits soient frais et ça c'est important.,neutral
"Dans une rue calme, l'accueil y est sympathique et chaleureux, la salle agréable et confortable.",positive
"En famille ou entre amis, la tonalité de la musique à hauteur convenable, permet de tenir une conversation sans hurler, tout en dégustant d'excellents plats, joliment présentés et très savoureux, servis avec le sourire et accompagnés de très bons vins.",positive
A refaire !!,positive
"Je suis bien conscient que cet avis ne changera rien, le bar étant placé de manière à toujours pouvoir attirer des touristes mais bon, un lieu aussi scandaleux merite d'être dénoncé.",neutral
Le serveur dont nous avons hérité est un vieil acariâtre dont l'impolitesse traduit le dégoût qu'il a pour son métier et le peu d'estime qu il se porte sans doute à lui-même.,negative
"Ce service désagréable au possible est couronné d'une carte incompréhensible, aux prix exhorbitants.",negative
"Nous nous sommes contentés d'un verre chacun, lesquels n'étaient même pas propres.",negative
Un pur scandale.,negative
Déjà le restaurant n'est pas très bien placé je trouve.,negative
"Nous sommes entrez, et la, personne pour nous accueillir...",negative
"Une télé d'allumer, mais nous avons bien attendu 5 minutes avant de voir quelqu'un, qui nous a demandé de passer dans le restaurant à côté...",negative
"Accueil pas trop mauvais, mais j'aurais préféré pouvoir discuter avec mon conjoint sans être écouté par une des serveuses..",neutral
"Au niveau du repas, ce fut assez rapide pour être servi.",positive
"Le repas était assez bon, mais tout est sûrement congeléx et c'est dommage d'avoir eu mon dessert quand mon homme avait fini !",neutral
"Nous avons découvert ce restaurant avec Groupon, je ne le conseille pas sans cette offre.",negative
Clairement c'est notre cantine puisque nous travaillons juste à côté.,
"la terrasse est grande et en grande partie ensoleillée, le service est efficace et rapide, formule changeant tous les jours, et il y des plats avec supplément qui moi me mettent souvent l'eau à la bouche.",positive
sympa pour prendre un verre après le boulot.,positive
"ah : quand il fait un peu frisquet, la terrasse est chauffée et ils mettent des plaids à dispo sur les chaises, ça aide :)",positive
Un des rares resto du quartier.,
Bondé de salariés des entreprises du quartier.,neutral
Les pizzas sont correctes et les plats du jour sont très chers.,neutral
Pas de viandes sur la carte.,neutral
Tiramisu très bon et abondant.,positive
À éviter l'hiver car peu des couverts en intérieur et la terrasse couvertes n'est pas suffisamment chauffée.,negative
Les excellentes critiques de ce restaurant se sont confirmées à table.,positive
Le menu-carte offre un choix pour tous les goûts et permet de découvrir des plats de saison bien présentés.,positive
"La carte est a priori renouvelée chaque jour de 3 entrées, 3 plats et 3 desserts.",positive
"Mais les incontournables restent manifestement la dorade en tartare, les crevettes cajun, les gnocchi d'agria à la truffe blanche, le dos de cabillaud à la plancha (parfaitement cuit et servi sur un lit de salsifis).",positive
La carte des vins est également courte et fait la part belle aux Côtes du Rhône et Languedoc Roussillon en mettant en avant des cuvées abordables dont quelques unes issues de producteurs reconnus.,neutral
Service attentif et sympathique.,positive
Le sommelier n'hésite pas à changer une bouteille présentant un défaut.,positive
Ambiance bistrot chic.,neutral
Un peu bruyant mais comme le restaurant parait rempli tous les soirs ...,negative
Il ne manquait que la fameuse boite de bonbons à la fin du repas !,positive
Une bonne adresse à deux pas de l'Etoile.,positive
Encore un resto qui perd petit à petit de la qualité.,negative
"La deco est géniale, je suis plutôt fan, même si la préférence va à la Deco de type recup ou industriel, cette deco type romantique me plait plutôt.",positive
"A l'intérieur on est tranquille et si on aime voir du monde passer on se met en terrasse, très agréable en été d ailleurs ou je passe ps mal de temps avec les copains à regarder les gens passer.",positive
"Encore un fois le problème comme dans pas mal de resto finalement le problème réside dans la nourriture qui n'est pas au niveau, ni de l'adresse, ni de l'effort fait à la déco.",negative
"Il y a quelques années, le burger en forme de cœur était un must have, il est aujourd'hui devenu commun, je ne le finis meme plus.",negative
J'ai adoré le décors...,positive
J'ai apprécié l'histoire des lieux.,positive
"Nus avons eu huîtres, crevettes roses et homard en entrée, les produits étaient de qualité.",positive
Les crevettes étaient fermes et excellente.,positive
"le homard un peu petit, du canadien sans doute.",negative
"Ensuite, la bouillabaisse en 2 services...",
"La soupe tout d'abord très bonne, généreux en croûtons...",positive
"La suite, les poissons très fins, un des poissons était rempli d'arrête, c'est dommage mais bon...",positive
Cela n'enlève rien à la qualité de la bouillabaisse...,positive
"En dessert, une crêpe et un soufflé grand marnier.",
"Belle réussite sur le soufflé, attention taille impressionnante !! Fond bien dans la bouche, pas lourd du tout !",positive
C'était un très bon déjeuner.,positive
Un restaurant extrêmement bien situé tout en haut des Champs Elysée !,positive
Niveau décoration cela reste très inventif et change de la décoration ordinaire.,positive
La cuisine est correcte pour les prix pratiqués.,neutral
Le personnel est très occupé par les différentes tables donc ne vous attendez pas à une attention particulière envers vous !,negative
Restaurant à essayer (au moins une fois) pour vous en faire une idée.,positive
Très bel endroit avec vue sur la Tour Eiffel c est certain mais et il y a vraiment un mais au delà des prix prohibitifs pour un dîner très moyen en qualité et très prétention en présentation...,positive
"Le service est déplorable, il faut les supplier de prendre la commande, ils oublient d apporter la carafe d eau, ils ignorent nos mains levées et prennent un temps fou pour l addition",negative
Pour des touristes gogos et encore,negative
Cela faisait 5 ans que nous n étions pas revenu dans ce restaurant qui offre une terrasse superbe dans un quartier sympa de Paris ...,positive
Mais mon dieu quel désastre au niveau du service et de la cuisine.,negative
A notre arrivée 3 serveurs et serveuses nous sont passés devant avant que l on nous adresse simplement la parole.,negative
L arrivée de la responsable fut caricaturale avec son plan de table chiffonnée essayant de nous placer à l intérieur malgré notre demande express de la terrasse.,negative
Finalement nous avons gagné.,
Assis sur des chaises de jardin peu confortable nous attendons l apéro qui arrive très rapidement le seul hic c est la différence entre nos deux verres pour le même alcool 1/4 de quantité différente.,negative
Je vous passe le repas dont les produits sont quelconque.,negative
Même les desserts de Pierre herme que j inviterais à ne plus autoriser la distribution dans cet établissement ont été servi.,negative
Trop frais.,negative
Pour l accompagner j avais demander un verre de vin.,
N étant pas arrivé au moment de l addition je signale que ce n est plus la peine de me l apporter.et,
bien vous ne le croirez pas on me l à apporter avec l addition en me disant qu il était déjà servis.,negative
Ce qu il avait oublié de dire c est qu il était aussi déjà compté dans l addition.,negative
Bref je ne sais pas où sont passés les anciens propriétaires mais il faut que quelqu un reprenne cet établissement en main.,negative
En attendant un seul mot d ordre ne pas y aller.,negative
Ah oui j oubliais ne regarder pas la carte affichée en vitrine vous y verrez au moins 2 mouches mortes écrasées je n ose pas mettre un pied dans la cuisine.,negative
Pour les mouches j ai la photo.,negative
Mais je ne la publie pas pour les âmes sensibles,
Une table qui tient la route dans un quartier où les tables changent très vite?,positive
"Sophistiqué mais sans trop, du monde mais pas bruyant du tout, à table ou au comptoir.",positive
Très beau menu à 35 euros le midi qui change tout le temps.,positive
"A la carte,plus cher, la sole meunière est un véritable délice (49 euros tout de même) et chacun sait à quel point c'est difficile de la réussir.",positive
La côte de veau aussi.,positive
Vin au verre (heureusement!).,positive
Café gourmand exquis.,positive
En tout cas régulier dans un beau cadre à deux pas des Invalides.,positive
"Quel plaisir dés l'accueil, ce grand sourire, cette bise, le tout très naturel, on n'est plus habitués à ce coté amical, surtout à Paris!",positive
"Et le cadre !!! Et la cuisine !!! On vient aussi et surtout pour ça et notre dernier déjeuner était, comme toujours, extra : Turbot poché à la rhubarbe, sauce crémée avec sa purée de panais, île flottante et tarte aux pralines...le tout arrosé d'un excellent Beaujolais...que du bonheur et c'est ainsi que tous les clients deviennent des habitués, ou plutôt des amis",positive
"Terrasse ensoleillée le dimanche, décor plutôt sympa, ça s' annonçait plutôt bien....",positive
On commande deux piscines de champagne qui nous sont servies au bout de 20 min... et sans glaçons!!!,negative
Quand on demande à un serveur aigri comme un cornichon macéré dans du vinaigre depuis 54 ans si notre commande a bien été prise il nous agresse littéralement en nous disant que le champagne est en train d'être cherché (visiblement directement à Reims),negative
"Bref, les serveurs ne prennent même pas la peine de parler en anglais aux pauvres touristes échoués ici, la patronne siliconnée, botoxée, jusqu'à en avoir le visage figé (ça doit être la raison de sa cruelle absence de sourire) se pavane sur la terrasse mais ne fait pas avancer les commandes plus vite...",negative
Bref fuyez sauf si vous désirez gacher votre journée entourée de personnes arrogantes!,negative
"C'est une très très belle adresse… la cuisine est remarquable car les cuissons sont parfaites, les produits ultra frais et plutôt de saison, tout est fait maison.",positive
Il y a une carte et des ardoises pour les formules.,
C'est un mix de propositions créatives mais aussi de grands classiques.,positive
"L'assiette est parfaite de l'entrée jusqu'au dessert, ce qui n'est pas si fréquent.",positive
"La carte des vins est focus mais très très bien, en blanc comme en rouge.",positive
On est bien dans une logique de sélection et de qualité.,positive
Ce ne sont pas des premiers prix mais on peut dire que le rapport qualité-prix est excellent.,positive
"L'accueil et le service sont à la fois pros mais détendus, il y a ce qu'il faut pour se sentir bien mais aussi être très très bien reçus et y revenir !",positive
"C'est pour conclure une très belle adresse, une rare alliance de tradition et de modernité, de belle cuisine mais qui reste lisible, agréable, sophistiquée sans trop.",positive
Pas étonnant que ce soit souvent conseillé par les critiques gastronomiques.,positive
Ce restaurant est idéalement placé pour les repas d'affaires.,positive
"Cependant, il ne vaut absolument pas le détour, sauf pour voir et être vu.",negative
Les plats à la carte sont hors de prix (une vingtaine d'euros pour 4 vapeurs... certes bonnes mais cela fait beaucoup pour une vapeur) et ne sont pas d'une qualité exceptionnelle.,negative
"Si l'on veut deux accompagnements, cela est même compté en supplément!!",negative
"Quant au service, il est vraiment à revoir.",negative
Prise de commande et arrivée de l'entrée interminables... et ensuite les plats qui n'arrivent pas ensemble et la moitié des accompagnements qui manquent.,negative
Bref à éviter!!!,negative
"Menu un peu compliqué entre Bo Boun's, salades et le reste.",negative
Il vaut mieux avoir bon appétit car les plats sont copieux et bons.,positive
Et les prix sont très agréables !,positive
"Dommage que la salle soit aussi peu confortable, on est un peu les uns sur les autres et si vous êtes corpulents, préférez la terrasse.",negative
Le personnel est souvent débordé mais c'est la clé de la réussite et de la renommée.,neutral
"Menu super, accords de saveurs inédits et surprenants, cadre très agréable....dommage que l'impression générale soit desservie par un service hautain et désagréable!",positive
"A trop vouloir fuir les codes du resto gastronomique (et notamment l'excès de zèle qui peut parfois en caractériser le service), le Chateaubriand va à mon sens trop loin!",negative
"Certes c'est un honneur de pouvoir goûter à la cuisine inventive d'un chef comme Inaki Aizpitarte... mais quelque soit la renommée de l'établissement et son succès, je pense que les clients ont le droit d'attendre à être servis par des personnes au minimum aimables (ne serait-ce que parce qu'ils paient)!",positive
"J'ai pour ma part été renvoyée dans mes buts pour avoir eu le malheur de demander des précisions sur la composition d'un dessert qui ne nous a pas été présenté (en l’occurrence le tocino del cielo, un classique de la maison... on aurait dû connaître c'est peut-être pour ça?).",negative
"Et la personne qui m'accompagnait, auvergnate, s'est elle permise une remarque avec un grand sourire sur l'épaisseur de la tranche de St-Nectaire qui lui avait été servie (moins de 2mm) pour s'entendre répondre un ""Ah bon..."" sec et froid.",negative
"Bref, dommage que le succès de l'établissement semble être monté à la tête des serveurs qui ont terni, voire gâché ce qui aurait pu être un très bon moment...",negative
ps: sommelier top en revanche!,positive
Carte compliquée à déchiffrer.,negative
Plats très moyens.,negative
"Le ""fait maison"" est en réalité un décongelé cuisiné maison.",negative
Aucune souplesse dans la carte.,negative
"A titre d'exemple, si vous demandez des frites à la place de la garniture prévue, vous aurez la garniture prévue et un supplément frites (surgelées) à 5 euros.",negative
"Bref, cadre sympathique, personnel agréable, carte de vins conséquente mais plats proposés et carte à revoir en profondeur.",positive
"Arrivés vers 12 h 50 dans une salle bondée, on nous propose une table bien large au fond de la salle.",
L'ambiance est bruyante mais relativement agréable.,positive
"Après un quart d'heure d'attente, un serveur arrive.",negative
Il prend la commande sur un ton excédé en se retournant pour donner des ordres aux autres serveurs.,negative
"La nourriture est honnête, j'ai choisi une tartine de chèvre chaud, mon mari le menu à 13 euros.",neutral
Honnête sans plus.,neutral
"Bref une adresse convenable, si on accepte d'être traité comme un simple régleur d'addition ...",neutral
"Nous arrivons dans une salle quasi-vide un vendredi soir, malgré la recommandation d'une amie de ce restaurant comme étant une bonne adresse gastro à prix sympa...",negative
"Première table où l'on nous installe, l'ampoule au dessus est grillée, demi obscurité et les bougies sur le côté semblent bien couvertes de poussière...",negative
Tout comme les horribles rideaux qui pendouillent au dessus de nos têtes.,negative
"On regarde au tour de nous et l'on se rend compte qu'il s'agit en fait d'un préfabriqué de fond de cours refait avec un gout douteux, comme les photos de prostitués vintage qui couvrent les murs dans des cadres brinquebalants.",negative
Ça c'était pour le cadre...,
"Côté cuisine, un manque complet de surprise, de découverte ou d'audace...",negative
"Les portions sont ridicules, trois bouchées d'onglet de veau (veaux de 25 ans sans doute, tellement la viande est rouge) et une fine lamelle de gratin dauphinois, le tout baignant dans une sauce insipide qui semblait en réalité être... de l'eau.",negative
"Le thon est tellement cru qu'il faut mieux aller chez le japonais, mais ma compagne aime ça, les thons...",negative
"On aimerait arrêter les frais, mais il y avait le dessert : la poire belle Hélène ""revisitée"", où comment une glace se transforme en crème dans une marre de chocolat où surnage des morceaux de fruits.",negative
"Moi qui n'écris jamais d'avis, je me dis ce soir qu'il s'agissait peut-être d'une faute de goût de ma part...",
"Oui ça doit être cela, ce soir, j'ai perdu le goût, le goût de claquer 100€ dans un resto sans saveur ni ambiance.",negative
Nous étions en ce soir de mars entre amis à l'occasion de l'anniversaire de l'un d'entre eux.,
Nous sommes arrivés dans ce restaurant pub pour dîner.,
"Mais étant donné que nous étions trop nous nombreux (13 personnes), nous avons été installé à l'étage (en nous faisant bien précisé que le rez-de-chaussée était destiné aux habitués et amateur de football et que si nous souhaitions consommer il fallait redescendre pour commander) dans un espace Iounge à peine éclairé pour pouvoir lire le menu (nous avons dû utiliser les lampes de nos smartphone).",negative
"Après avoir fait comprendre au personnel qu'il était possible d'aligner une table à côté d'une autre, nous sommes redescendus.",negative
La commence le dîner avec le choix du plat.,
Dans le partie concernant les burgers il était écrit qu'il était possible de commander le burger sans le pain (intérêt ?).,neutral
"En demandant a une serveuse si le fait de prendre cette option permettait un rabais sur le tarif (déjà suffisamment cher pour la qualité), le responsable est arrivé en disant que le prix ne changeait pas (après cela vient une explication sur la marge que réalisait alors le restaurant), et a rétorqué plus tard ""nous sommes un restaurant donc notre but est de faire de la marge"" (un expert en relation client celui-là).",negative
"En résumé (parce que ça fait long a dire), nous avons passé une soirée un peu ternie par l'image du restaurant (dont l'état laisse à désirer), un service à table digne digne d'une cantine d'adolescent, et aucun petit mot d'excuse ou remise quelconque (quand il faut faire de la marge par n'importe quel moyen...) pour repartir avec le sourire (c'était pas gagné).",negative
"Pour avoir été testé par des membres de la soirée au préalable, nous sommes tombés d'accord sur le fait que c'était la première fois pour certains et la dernière fois pour tout le monde que nous venions dans ce restaurant!",negative
Dire que cette brasserie enchaine les groupes de touristes...,
Quelle honte pour la gastronomie francaise!!!,negative
Ce jour la j avais envie d un tartare de boeuf.,
J ai de la famille qui dine a cette ensigne du coup je les rejoin.,
"Au menu donc, un onglet de boeuf frites un steack tartare frite, et une piece de semelle avec de la puree.",negative
"On va faire simple,..",
TOUTES LES VIANDES SONT SANS GOUT ET SECHES!!!,negative
Les frites sont certes maisons mais FAITES DES HEURES A L AVANCE ET MOLLASSONNES.,negative
Puree moins bonne qu a la cantine.,negative
Fuyez!,negative
Il faut pas donner notre frique a cette arnaque.,negative
Vivement qu ils ferment!,negative
Menu du jour,
- une entrée saumon fumé sur céleri excellent,positive
- sauté de veau au tagliatelle très bon,positive
Vin un peu cher,negative
Deux petites remarques,
- la salle est surchauffée ce qui est vraiment désagréable,negative
- l'eau en caraffe n'est pas fraiche (à relier avec le point précédent ???),negative
Très compétitif pour le quartier et la qualité de ce que l'on a dans notre assiette.,positive
"Le service est sympathique mais très expéditif, on à pas le temps de finir un plat que l'on nous demande si on à terminer.",positive
Si vous êtes pressés c'est l'endroit idéal!,positive
"Mais ce qui m'a gêné est la chose suivante : seulement deux minutes après avoir passé commande, nous étions déjà servit, les escalopes panées seraient elles toute faites à l'avance puis réchauffées?",negative
"Les prix des boissons et des desserts sont très élevés (4,5 euros pour une canette de coca..).",negative
"En bref la nourriture n'est pas extraordinaire, peut être même préparée longtemps à l'avance?",negative
Je ne recommanderai pas ce restaurant et n'y retournerai pas!,negative
"Ambiance très parisienne, très m'as tu vu !",negative
serveuse pas souriante et peu accueillante.,negative
"Cuisine très moyenne, poulet version crêpe archi sec avec une poignée de haricots et tout cela pour un prix exorbitant !",negative
Le sandwich club n'a rien de spécial et le plat vietnamien très sec sans aucune sauce.,negative
La décoration est un peu surchargée mais cela fait le charme de l'endroit.,neutral
J'y suis allée par hasard avec des amis un soir pour l'apéro et je suis revenue y déjeuner car la formule tapas à 15 € m'avait bien plu.,positive
"Vous ne trouverez pas les pseudos tapas que l'on trouve à toutes les terrasses mais uniquement les vraies recettes espagnoles : rabas de calamars, croquetas de jamon y queso, pain à la tomate, croquetas de bacalao, tortilla, serrano, piquillos, calamars à l'encre, artichauts au jambon ...",positive
Sans parler de la sangria tout simplement délicieuse !,positive
"Les desserts sont à l'image du reste : crème catalane, gâteau basque, fromage de brebis et confiture de cerises noires ...",positive
Les serveurs ne parlent pas tous très bien français mais ils sont très gentils (et leur accent espagnol renforce le côté authentique de l'endroit).,positive
"Seul reproche : beaucoup de tables et peu d'espace, on est donc vite à l'étroit.",negative
Mais j'y retournerai les yeux fermés !,positive
Nous avons été invité hier par des Amis pour fêter un anniversaire entre amis.,
"Hésitant au départ sur le choix du lieu, un bon verre de vin, des bons tapas de qualité engloutis,nous avons au final passé une excellente soirée avec nos amis.",positive
"Le Patron à l'air RUSTRE au départ, mais il joue un ""jeu"" et est super prévenant avec ses clients!",negative
Un lieu simple ou passer une agréable soirée!,positive
"Nous avions réservé pour les 20 ans de notre fils (Avril), quel déception, anniversaire en partie gâché!",negative
Nous avions négocié le menu avec le responsable et nous étions confiant étant donné que nous avions fêté les 70 ans de mon beau père il y a 3 ans et que nous avions été complètement satisfait.,
"Certes nous n'avions pas un gros budget, 15€ par personne entrée, plat, gâteau.",
"Mais aucune qualité dans l'assiette, aucune présentation, on se serait cru à un repas que l'on fait chez soi.",negative
"De plus, parmi nos assiettes, nous avions un panel de morceaux de viande du plus petit ou plus gros!",negative
"Côté saumon, il était cru, on l'a signalé, la serveuse prend les 3 assiettes concernées, revient et nous demande à qui étaient les assiettes?!!",negative
"De plus, recuit au micro onde!!! avec des haricots verts cuit vapeur, pas revenus, sans sauce, bref lamentable!",negative
"Le gâteau: un fraisier, nous avions cherché les fraises et écœurant trop de crème.",negative
"Heureusement les cocktails sans alcool et les cafés étaient bons et offerts, mais nous aurions préféré les payer et avoir quelque chose de mieux dans l'assiette.Un minimum de présentation, c'est un rien qui peut faire la différence à l’œil!",positive
"La serveuse était très agréable et souriante, juste petit souci avec la prise des 3 assiettes pour faire recuire les saumons mais sinon rien à lui reprocher.",positive
"Nous avons signalé au responsable de salle, il était très gêné, nous a dit qu'il ferait remonter.",
"Nous avons appris par la suite, changement de propriétaire et de cuisinier depuis notre dernière venue.",
"Situé entre les arênes et la cour carrée, ce restaurant ne désemplit pas.",neutral
"Très curieux car la nourriture n'a rien de sensationnel, je me suis brûlé le palais avec des nems.",negative
Le riz cantonais était sec et j'ai attendu pendant plus de 20 mns 2 malheureuses boules de glace.,negative
Petite cuisine de petite qualité et pas fait maison.,negative
Nous aurions aimé un meilleure repas moins speedé et avec plus de gout.,negative
L’accueil laisse à penser que tout va bien se passer mais rien ne se passe.,negative
Sommes venus avec un coupon Groupon.,
Avons été très bien reçus.,positive
Service rapide et de qualité.,positive
"Fraîcheur des produits, de belles présentations.",positive
Adresse à retenir.,positive
A très bientôt.,positive
"dans une petite rue de Menton , un restaurant pas très grand par la taille mais vraiment remarquable par la qualité de sa cuisine : les raviolis aux fruits de mer , les gambes ( décortiquées , un plus pour le plaisir ... ) le turbot pour 2 , présenté avant cuisson , les anchois sur lit de roquette ...enfin si vous êtes un inconditionnel de la viande , l'agneau rosé était parfait ... accueil sympa , vins de sicile agréables ... entrées autour de 17/18€ , turbot pour 2 : 49€ .",neutral
mérite le détour ... attention : réservez !,positive
Endroit sympa en plein centre touristique.,positive
Un peu vieillissant.,negative
Nourriture classique de Menton.,neutral
A y aller de temps à autre.,positive
Relativement cher pour la qualité/prix.,negative
Superbe cadre si on mange dehors.,positive
"Accueil des plus stériles , presque l'impression de déranger .",negative
"Nous commandons 2 pizza , d'aspect correcte mais baignant dans l'huile , ok nous sommes dans le sud donc nous passons outre.",negative
"Après dégustation c'est le drame , un cailloux dans la pizza de mon ami.",negative
"J'appel la serveuse pour me plaindre , aucune excuse , pour elle c'est normal car il s'agit de champignon frais et nous dit que la prochaine fois ils feront du congelé...",negative
Après avoir nous être emportés et réclamé des excuses elle fini par s'excuser timidement et nous offrir un café...,
A fuire,negative
"Manifestement, nous derangeons la serveuse.",negative
"Le mojito est abominable, tiède, beaucoup trop sucré, citron balancé tel quel dans le verre...",negative
"Nous n'avons pas eu le plaisir de goûter la cuisine, dommage !",
Cuisine de saison avec des petites courgettes de pays excellentes accompagnées d'un magret cuit à la perfection.,positive
"Dans sa cuisine ouverte, on sent la passion du patron et en terrasse, malgré l'affluence, on apprécie la gentillesse et les conseils de sa femme et de son fils.",positive
A recommander aux amateurs de bonne viande et de produits du terroir.,positive
Pensez à réserver.,
Cathy et Laurent.,
"En août 2014, avons décidé d'aller manger des pizzas, salades et autres dans ce restaurant.",
Nous avons été déçu par le service.,negative
Serveur dépassé alors que la terrasse n'était pas remplie.,negative
"Les repas sont arrivés au compte-goutte, ce qui fait que mon fils et petit fils ont eu leurs pizzas 10 minutes après nous.",negative
Très déçue par ce restaurant,negative
Je conseille fortement le déjeuner en terrasse avec forfait spa.,positive
"Un peu à l'écart du centre ville, serein.",positive
Je ne reprendrai pas tout ce qui a été dit car tout est vrai!!!,
"Prix extrêmement cher, usine à fric.",negative
Mon Expérience s'est déroulée autour d'une question à l'un des serveurs pour obtenir une carafe d'eau après avoir consommé plus de 50 euros.,
"Le serveur aux cheveux longs, brun, la trentaine, s'est empressé de me répondre d'un ton très méprisant qu'à chamonix l'eau est payante.",negative
"Lui soutenant qu'il se devait de céder à ma demande d'après la législation en vigueur dans notre pays, il m'a ouvertement ignoré, et juste proposé de consulter la direction.",negative
Honteux.,negative
"Un service parfait, très bonne table , vu la petite superficie du lieu , tout est bien .",positive
"il faut y aller , pour conclure l'extraordinaire lieu montagnard à 3842 m.",positive
"Encore bravo pour le chef ,et son équipe.",positive
Mais sans plus.,
"Le cadre est joli, les serveuses sympa mais peu disponibles.",positive
Nous avons pris une pierre chaude pour deux.,
Les viandes étaient bonnes mais un peu juste en quantités à mon goût.,positive
"Les sauces mayonnaises maison étaient bonnes mais sans plus, elles manquaient un peu de saveurs.",neutral
La tartiflette était correcte.,neutral
"Bref, le repas n'était pas mauvais mais je n'ai pas été emballé.",neutral
Divin !! Endroit joli nourriture délicieuse patron tres sympa et une bonne bouteille avec Ca!!,positive
A recommander 1000 fois!,positive
Un très bon moment passé dans ce restaurant.,positive
Ma femme et moi même nous sommes régalés.,positive
Les plats que nous avons choisis étaient très copieux.,positive
Ras à signaler de fameux depuis deux mois !!!,negative
C'est comme si les produits nobles avaient disparu.,negative
Il n'y a pas que la hampe dans la vie,negative
"De l'accueil à la cuisine tout est bas de gamme, heureusement le rabatteur est là pour piéger les touristes qui passent par là.",negative
A ÉVITER !!!,negative
tres bon produit hamburger et frites maison un regal le patron super cool et un prix tres raisonnable,positive
bel emplacement pour ce restaurant mais quelle deception .... un serveur qui ne parle pas et qui vous sert sans rien annoncer coté cuisine rien de mieux assiettes très peu garni et qualité bof assiette de charcuterie basique le plat andouillette et pomme de terre que je deconseille fortement ..... bref passez votre chemin .....,negative
"Je passe sur le temps,1h30 pour un repas simple.",negative
Une carte hyper simple mais une serveuse complètement perdue.,neutral
Des erreurs de prise de commande et une patronne qui refuse de changer les plats sous prétexte qu'elle ne va pas jeter l'assiette et qu'elle l'a fait avec amour mdr.,negative
Apparemment il n'est pas question de perdre de l'argent dans ce restaurant et elle invente des prétextes encensés pour faire passer la pilule.Toute la salle est de mon avis et en colère.,negative
Des anglais sur la terrasse paye avant la fin et s'en vont.,
"Je vous passe les ""prises de bec"" avec la patronne pour lui faire comprendre que sa réaction est intolérable et non commerçante.",negative
"Sur un menu enfant qui n'a jamais été demandé, elle a le culot de m'annoncer lors de l'addition, qu'elle m'offre la 2eme boule de glace alors que dans le menu enfant la glace n'a qu'une boule....(sans commentaire).",negative
Restaurant a ne pas conseiller et surtout à bannir afin d’éviter que la profession de la restaurant ne soit bafouée par ce genre de pseudo restaurateur qui devrait penser à changer de métier.,negative
Un cadre très rose mais agréable pour des dîners en couple ou entre amis.,positive
Des assiettes très bien présentées et un bon accueil avec des personnes souriantes.,positive
"Mais comment peux on mettre 5 étoiles à un resto ""asiatique"" ou tout n'est que du réchauffé, décongelé provenant de métro ou promocash.",negative
Il y a même des frites et des nuggets !,negative
Vraiment très dépaysant !,negative
Bref tres bien pour prendre un plateau a emporter (10€) et manger ça devant la télé.,negative
"Si vous cherchez un Restaurant, passez votre chemin !",negative
"Accueil chaleureux, arrière salle voûtée magnifique (ancien rempart de la ville), très bonne cuisine, grillades au feu de bois casiement sous nos yeux, produits de qualité et prix raisonnable.",positive
A ne surtout pas manquer.,positive
"l'accueil est agréable; la cuisine correcte, les prix raisonnables, bref c'est bien mais est-ce le nombre de gens, la salle, ... il manque un petit quelque chose pour s'enthousiasmer.",positive
correct.,neutral
mais une impression d'inachevé.,negative
"Nous y sommes, plat du jour tagliatelles aux fruits de mer, produits frais mais certains caoutchouteux, le service et l'accueil très moyen, saint Jacques bonnes mais riz très sec, bref certainement mieux ailleurs!",positive
"Nous avons découvert avec par hasard ce cabanon de plage et ce fut une excellente surprise: un accueil des plus chaleureux, des plats très corrects, une ambiance lounge-beach pas surfaite.",positive
On voit que l'équipe prend du plaisir à travailler dans ce lieu magique.,positive
Ce sera notre incontournable à Cassis!,positive
Très bonne table dans une ruelle derrière le port donc sans avoir le défilé des touristes qui regardent votre assiette.,positive
"On trouve dans ce restaurant une cuisine provençale parfumée, présentée très joliment et en quantité généreuse.",positive
Le service est très correct Nous avons passé un très bon moment et nous vous recommandons l'endroit.,positive
Nous sommes venus à 2 avec notre bébé de 2 mois en poussette.,
On nous a calé dans un coin du restaurant que nous avons fini par quitter après 20 minutes sans que personne ne soit venu nous apporter ne serait-ce qu'une carafe d'eau.,negative
"J'ai mangé avec des amis dans ce restaurant et je trouve que la qualité des produits se sont serieusement dégradé, la salade d'accueil comporte 2 feuilles, le plat principal et le dessert sont baclés dans la présentation.",negative
"De plus, l'accueil de la part du patron est froid contrairement aux serveurs très gentils.",negative
La vaisselle est démodée.,negative
Nous avons pris l'apéritif en terrasse.,
"Les serveuses étaient plutôts agréables mais pas une cacahuète ou une olive à l'heure de l'apéritif malheureusement, pas d'assiette apéritive non plus.",positive
Incompréhensible pour un bar restaurant...,negative
Comment peut-on appeler ça un restaurant ?,negative
"Un accueil et un service déplorables, une cuisine médiocre n'ayant rien à envier au manque de fraîcheur du buffet notamment.",negative
"La prochaine fois que nous serons de passage à Albertville, nous essaierons un autre restaurant, quelqu'un peut-il nous en conseiller un ???",negative
Dans cet établissement je me suis sentie chez moi ayant eu un restaurant du même genre.,positive
"Une cuisine savoureuse faite avec amour, j'y retourne dés que je peux pour moi c'est un vrai restaurant",positive
nous sommes venus à 14 personnes pour l'anniversaire de mon copain.,
Nous sommes arrivées vers 20h-21h.,
nous avons tous très bien mangés.,positive
"La carte est très large, de bons plats chauds et bons !",positive
nous avons commandé pour l'apéro 5 bouteilles de champagne + 4 bouteilles de vins au diner + digestifs + cafés.,
"aucun geste commercial au paiement, rien d'offert ni de proposé...??!",negative
"en plus, une des personnes à commander un tartare, elle a été servi 10 minutes après tout le monde.. c'est un plat froid pourtant.",negative
c'est bien dommage !,negative
Nous arrivons à 5 pour déjeuner dimanche dernier aux alentours de 13h30.,
C'est la fin de service.,
Entrée : friture d'éperlan froide pour l'un d'entre nous.,
"Trois cocottes de moules marinières arrivent à table, à l'ouverture, les moules de l'une d'entre elles sont recouvertes de tomates et pas les autres.",neutral
Nous demandons au serveur si cela est normal.,
"Après vérification, il revient en nous disant qu'il s'agit de décoration.",
Certaines moules sont trop cuites d'autres pas assez.,negative
Les frites ont goût d'huile.,negative
"Au milieu de ma cocotte de moule marinière j'ai la désagréable surprise de trouver un demi citron, peau comprise, déchiqueté.",negative
Je demande au serveur s'il n'y a pas un souci.,
Il revient après vérification en me disant qu'il s'agit de la recette des moules marinières.,
Je demande à voir le responsable.,
"Il arrive et quand je lui fait part de mon mécontentement me demande de ""baisser d'un ton"".",
Nous cessons immédiatement le repas.,
La note qui nous est présentée est défalquée d'une cocotte alors que plus personne ne souhaite manger ces moules douteuses.,negative
Nous nous ferons ensuite de nouveau insulter par le responsable avant qu'il accepte d'encaisser nos boissons et de nous laisser partir.,negative
Nous ne nous attendions pas à de la grande cuisine dans cet endroit très touristique mais nous aurions néanmoins apprécié de pouvoir déjeuner sans mettre notre santé en danger et sans nous faire manquer de respect par dessus le marché!,negative
Allez chez les concurrents ils sont très nombreux dans le coin!!!!,
Premiere fois dans ce restaurant dont on nous disait pourtant du bien.,negative
"Les plats proposés sont originaux, les saveurs intéréssantes mais le rapport qualité prix n'est pas au rendez vous.",positive
"18,50 € un risotto, où j'ai cherché du saumon fumé pourtant annoncé, que je n'ai hélas pas trouvé, c'est bien trop cher aussi bon soit il.",negative
On a payé le cadre coloré et le port touristique de la Cotinière.,neutral
Si il n'y avait que cela ça aurait pu aller mais le service a été catastrophique.,negative
La jeune demoiselle blonde qui nous a servi n'est absolument pas du metier.,negative
"La prise de commande par le patron est venue bien longtemps après la fin de l'apéritif, et le pire a été le service du vin quand nous avions presque fini notre plat.",negative
Intolérable.,negative
Malgré une cuisine gouteuse nous n'y retournerons pas.,positive
Restaurant très sympa.,positive
Petite salle ambiance plage Oléronaise.,neutral
Deco et tables raffinées (nappes et serviettes en tissus...).,positive
Personnel très souriant et chaleureux.,positive
Menus un peu chers mais très bons.,neutral
Cela dit pour du tout fait maison avec des produits frais de très bonne qualité cela reste très intéressant.,positive
Plats copieux et bien présentés.,positive
"Très bons, surtout les desserts (excellents).",positive
Coctails très bons mais un peu cher pour la quantité (5/8€),positive
Restaurant ouvert hors saison.,neutral
"Terrasse à l'ombre des arbres très agréable , jolies assiettes, poissons bien préparés, belle décoration et service sympathique.",positive
N'hésitez pas.,positive
"L'adresse est trompeuse, le restaurant n'est pas à Castelnaudary mais dans un petit village juste après.",neutral
"Appelez la patronne pour savoir, elle est adorable.",positive
"Et faites le détour, pour un cassoulet top et généreux.",positive
Avec un petit verre de Minervois.,positive
ET un petit fois gras juste avant.,positive
Ce n'est pas pour le régime.,
"Mais quand on mange bien et bon, on ne grossit pas.",
"C'est une halte agréable, pour nous qui revenions de Bordeaux et rentrions dans le Sud Est (la patronne reconnaitra sans doute !).",positive
Nous avons passé une bonne fin de soirée ... ou de nuit.,positive
Merci.,
"accueil sympathique, cuisine de très bonne qualité mais parfois la main est un peu lourde sur le sel, petit problème rectifié depuis.",positive
Nous recommandons!,positive
"Un cassoulet franchement ""infect"", qui fait honte au nom porté par le restaurant et pour un soi-disant ""restaurant traditionnel servant une cuisine de Chef faite à partir de produit brut"" (sic) ... qualifié de ""Cassoulet fait Maison"" !.",negative
"Patron venu nous voir en début de service, nous étions les premiers clients ayant eu le courage de s'installer à sa terrasse, alors que les tables des terrasses des restaurants voisins étaient occupées...Premiers arrivés, avant derniers à pouvoir obtenir l'addition, après appel.",negative
A éviter tant pour la cuisine que pour le service.,negative
Lamentable.,negative
Une belle erreur de choix de notre part.,negative
Ne faites pas comme nous !,negative
Repas totalement décevant et cher!,negative
"Pour deux entrées, deux plats et deux desserts à la carte avec une bouteille de vin nous avons trouvé le repas assez cher pour Castelnaudary (92€).",negative
En plus tout provenait de conserves ou il s'agissait de plat surgelés...,negative
"Je déconseille totalement ce ""restaurant"".",negative
Bien situé.,positive
Service gentil.,positive
Pizza honnêtes mais éviter le tiramisu.,neutral
Attention la bière est italienne...,negative
Un lieu à connaitre !.,positive
Cuisine excellente avec de la recherche.,positive
Bravo pour le chef et la patissière ; nous reviendrons pour la langue de Bœuf !,positive
Très bonne cuisine traditionnelle dans un endroit typique.,positive
Mais c'est cher .,negative
Nous n'avons pris qu'un plat.,
Dommage pour ce petit restaurant sympa.,positive
Mais il y en a d'autres aussi bons et moins chers.,
Le repas est juste indécent!,negative
Rien de bon même la pomme de terre n'était pas cuite!,negative
"Ne surtout pas y aller pour bien manger, par contre on se laisse bien embarquer dans l'ambiance de ces années là.",positive
"Il ne faut par contre pas demander autre chose que le registre du patron, sinon on vous dit d'aller acheter le cd",
